module	address	upstream	ours
battle	0x8006eedc	battle_state_start_game_flow	battle_state_enable_camera_pan
battle	0x8006eef0	battle_state_stop_game_flow	battle_state_disable_camera_pan
battle	0x80074ac0	battle_state_halve_animation_speed_for_effects	battle_state_enter_effect_state
battle	0x80074af8	battle_state_halve_animation_speed_for_jump_out	battle_state_enter_map_jumping_out
battle	0x80074b18	battle_state_halve_animation_speed_for_jump_in	battle_state_enter_map_jumping_in
battle	0x80074b38	battle_state_halve_animation_speed_and_queue_close	battle_state_enter_close_battle
battle	0x80074bac	battle_state_handle_free_cursor_input	battle_state_update_units
battle	0x80074bf8	battle_state_handle_default_state	battle_state_handle_free_cursor_state
battle	0x800773f8	battle_state_update_action_execute_mode	battle_state_handle_action_execute_state
battle	0x800785ac	battle_state_update_event_mode	battle_state_handle_event_state
battle	0x800792a0	battle_state_run_deployment	battle_state_run_battle_setup
battle	0x8008de90	battle_state_reset_frame_pacing_timer	battle_state_clear_slowdown
battle	0x8008ded8	battle_state_get_animation_speed	battle_state_get_vsync_interval
battle	0x8008dee8	battle_state_set_animation_speed	battle_state_set_vsync_interval
battle	0x8008e328	battle_state_set_time_scale	battle_state_set_min_vsync_interval
battle	0x8008e348	battle_state_clear_frame_pacing	battle_state_clear_min_vsync_interval
battle	0x8009386c	battle_state_init_deployment_display	battle_state_init_display
battle	0x80093bf0	battle_state_sync_and_submit_deployment_frame	battle_state_sync_setup_frame
battle	0x800960dc	g_battle_state_game_flow_running	g_battle_state_camera_pan_enabled
battle	0x8014cc94	battle_thread_is_running_8014cc94	battle_thread_is_running_2
battle	0x80174038	g_battle_current_thread_id	g_battle_thread_current_id
event-equip	0x801e90e4	g_equip_gfx_sprite_16_capacity	g_equip_gfx_sprite_8_capacity
event-equip	0x801e90fc	g_equip_gfx_sprite_8_capacity	g_equip_gfx_sprite_16_capacity
event-equip	0x801e924c	g_equip_gfx_tile_16_capacity	g_equip_gfx_tile_1_capacity
event-equip	0x801e92f8	g_equip_gfx_tile_1_capacity	g_equip_gfx_tile_16_capacity
event-jobstts	0x801fa7a0	g_jobstts_gfx_sprite_16_capacity	g_jobstts_gfx_sprite_8_capacity
event-jobstts	0x801fa7b0	g_jobstts_gfx_sprite_8_capacity	g_jobstts_gfx_sprite_16_capacity
event-jobstts	0x801fa7e0	g_jobstts_gfx_tile_16_capacity	g_jobstts_gfx_tile_1_capacity
event-jobstts	0x801fa808	g_jobstts_gfx_tile_1_capacity	g_jobstts_gfx_tile_16_capacity
main	0x80011bd0	main_file_build_header_nnl	main_file_request_read_quiet
main	0x80011bf4	main_file_build_header	main_file_request_read
main	0x80011dd8	main_file_reset_pause_cdrom	main_file_cancel_and_pause_cd
main	0x800184e0	func_800184e0	main_sound_set_unread_value_800184e0
main	0x80041774	main_boot_draw_squaresoft_logo	main_boot_draw_squaresoft_logo_frame
main	0x80041890	main_boot_build_and_draw_squaresoft_logo	main_boot_fade_in_squaresoft_logo
main	0x80041d80	main_boot_draw_sceap_logo	main_boot_draw_sceap_logo_frame
main	0x80041e98	main_boot_build_and_draw_sceap_logo	main_boot_show_sceap_logo
main	0x800424c0	main_file_reset_cdrom_cpu_ram	main_file_init_cd
main	0x80044414	game_malloc	main_heap_alloc
main	0x80044694	main_file_call_build_header	main_file_request_read_bytes
main	0x800446d8	main_file_get_smd	main_file_alloc_smd_and_load
main	0x800447bc	main_file_get_tim	main_file_alloc_and_load
main	0x80044954	main_file_load_checked_to_address	main_file_load_to_address_checked
main	0x80044990	main_file_get_bin_as_tim	main_file_alloc_and_load_checked
main	0x800449ec	main_noop_800449ec	main_system_frame_hook
main	0x800449f8	main_noop_800449f8	main_system_report_error_2
main	0x80044a00	main_system_handle_malloc_exception	main_system_report_error
main	0x800451cc	main_overlay_open_world_and_wldcore	main_overlay_exec_wldcore_and_world_bin
main	0x80045234	main_overlay_open_world_bin	main_overlay_load_world_bin
main	0x80045980	g_animation_speed	g_battle_state_vsync_interval
main	0x80045988	g_max_battle_frame_measurement	g_battle_frame_measurement_max
main	0x8004598c	g_frame_pacing_timer	g_battle_state_slowdown_frames
main	0x80045990	g_frame_pacing_suppressed	g_battle_state_slowdown_suppressed
main	0x80045998	g_frame_pacing	g_battle_state_min_vsync_interval
main	0x8004d958	g_main_saved_animation_speed	g_main_saved_vsync_interval
main	0x8004d9b4	g_main_boot_startup2_has_run	g_main_boot_game_state_initialized
main	0x80057718	g_main_system_session_frames	g_main_system_frame_timer
opening	0x80073f40	g_open_birthday_zodiac_months	g_open_birthday_zodiac_start_dates
world	0x800ef9ac	world_thread_set_task_id_36	world_thread_set_current_task_dark_screen
world	0x80100164	world_thread_is_running_80100164	world_thread_is_running_2
world	0x80105600	world_thread_find_running_at_or_after_4	world_thread_find_running_4_to_8
world	0x80106818	world_thread_set_task_id_to_three	world_thread_request_stop
world	0x8010e3b0	world_thread_clear_current_slot	world_text_release_message_box_slot
world	0x80126a98	world_menu_script_draw_menu_tile	world_menu_script_draw_menu_line
world	0x8012c1e0	world_menu_add_tile_primitive	world_menu_add_flat_line_primitive
world	0x801cd178	g_world_gfx_tiles_24_capacity	g_world_gfx_flat_line_capacity
world	0x801cd198	g_world_gfx_tiles_24_count	g_world_gfx_flat_line_count
